program;c.domain;adv.model;protocol;partysize;comp.time(s);comp.peakRAM(MiB);bin.filesize(MiB);latencies(ms);bandwidths(Mbs);input_size;packetdrops(%);runtime_internal(s);runtime_external(s);peakRAM(MiB);jobCPU(%);P0commRounds;P0dataSent(MB);ALLdataSent(MB);System time (s);Preprocessing Time(s);Online Phase(s)
62;RING;semihonest;replicated-ring;3;15.15;448;4;0;25000;100;0;0.327727;0.49;29;91%;~695;0.529922;1.58977;0.19;0.0149872;0.310813
62;RING;semihonest;replicated-ring;3;NA;NA;NA;0;25000;100;0;0.314398;0.49;29;88%;~695;0.529922;1.58977;0.17;0.0140631;0.298737
62;RING;semihonest;replicated-ring;3;NA;NA;NA;0;25000;100;0;0.276215;0.46;35;69%;~695;0.529922;1.58977;0.12;0.0145137;0.260432
62;RING;semihonest;replicated-ring;3;NA;NA;NA;0;25000;100;0;0.251714;0.43;32;87%;~695;0.529922;1.58977;0.12;0.0144445;0.235665
62;RING;semihonest;replicated-ring;3;NA;NA;NA;0;25000;100;0;0.239461;0.40;33;80%;~695;0.529922;1.58977;0.14;0.0135803;0.224263
62;RING;semihonest;replicated-ring;3;NA;NA;NA;0;25000;100;0;0.355642;0.54;33;87%;~695;0.529922;1.58977;0.16;0.0139336;0.339906
62;RING;semihonest;replicated-ring;3;NA;NA;NA;0;25000;100;0;0.279454;0.42;31;90%;~695;0.529922;1.58977;0.19;0.0130093;0.264827
62;RING;semihonest;replicated-ring;3;NA;NA;NA;0;25000;100;0;0.278483;0.45;34;90%;~695;0.529922;1.58977;0.16;0.0132626;0.263632
62;RING;semihonest;replicated-ring;3;NA;NA;NA;0;25000;100;0;0.311647;0.48;33;89%;~695;0.529922;1.58977;0.18;0.0135749;0.296495
62;RING;semihonest;replicated-ring;3;NA;NA;NA;0;25000;100;0;0.334667;0.51;32;84%;~695;0.529922;1.58977;0.14;0.0148237;0.318197
62;RING;semihonest;replicated-ring;3;NA;NA;NA;0;25000;100;1;0.483995;0.89;34;57%;~695;0.529922;1.58977;0.22;0.0142366;0.467768
62;RING;semihonest;replicated-ring;3;NA;NA;NA;0;25000;100;1;0.482145;1.94;32;28%;~695;0.529922;1.58977;0.19;0.0176505;0.462819
62;RING;semihonest;replicated-ring;3;NA;NA;NA;0;25000;100;1;0.437729;1.87;34;28%;~695;0.529922;1.58977;0.18;0.0143719;0.421494
62;RING;semihonest;replicated-ring;3;NA;NA;NA;0;25000;100;1;0.432727;1.87;35;27%;~695;0.529922;1.58977;0.19;0.0303446;0.400719
62;RING;semihonest;replicated-ring;3;NA;NA;NA;0;25000;100;1;0.392454;0.77;29;62%;~695;0.529922;1.58977;0.14;0.0148388;0.375951
62;RING;semihonest;replicated-ring;3;NA;NA;NA;0;25000;100;1;0.659836;0.83;29;58%;~695;0.529922;1.58977;0.17;0.0143975;0.643684
62;RING;semihonest;replicated-ring;3;NA;NA;NA;0;25000;100;1;0.652101;2.10;33;27%;~695;0.529922;1.58977;0.25;0.0236575;0.626716
62;RING;semihonest;replicated-ring;3;NA;NA;NA;0;25000;100;1;0.418248;0.59;33;82%;~695;0.529922;1.58977;0.20;0.0157628;0.400462
62;RING;semihonest;replicated-ring;3;NA;NA;NA;0;25000;100;1;0.377514;0.57;31;85%;~695;0.529922;1.58977;0.16;0.0146124;0.361365
62;RING;semihonest;replicated-ring;3;NA;NA;NA;0;25000;100;1;0.712811;1.91;34;27%;~695;0.529922;1.58977;0.27;0.0143887;0.696619
62;RING;semihonest;replicated-ring;3;NA;NA;NA;0;25000;100;2;0.716727;1.11;34;44%;~695;0.529922;1.58977;0.23;0.0135452;0.701133
62;RING;semihonest;replicated-ring;3;NA;NA;NA;0;25000;100;2;1.13895;2.60;29;21%;~695;0.529922;1.58977;0.20;0.0140439;1.12315
62;RING;semihonest;replicated-ring;3;NA;NA;NA;0;25000;100;2;1.37437;1.76;29;30%;~695;0.529922;1.58977;0.18;0.0319795;1.34051
62;RING;semihonest;replicated-ring;3;NA;NA;NA;0;25000;100;2;0.998889;2.22;29;24%;~695;0.529922;1.58977;0.22;0.0151556;0.98211
62;RING;semihonest;replicated-ring;3;NA;NA;NA;0;25000;100;2;0.982325;3.12;33;18%;~695;0.529922;1.58977;0.26;0.0275107;0.952954
62;RING;semihonest;replicated-ring;3;NA;NA;NA;0;25000;100;2;0.820657;2.26;33;24%;~695;0.529922;1.58977;0.24;0.0192749;0.799379
62;RING;semihonest;replicated-ring;3;NA;NA;NA;0;25000;100;2;1.61946;4.06;32;10%;~695;0.529922;1.58977;0.14;0.0266065;1.59108
62;RING;semihonest;replicated-ring;3;NA;NA;NA;0;25000;100;2;1.35069;3.23;29;18%;~695;0.529922;1.58977;0.22;0.0353305;1.31347
62;RING;semihonest;replicated-ring;3;NA;NA;NA;0;25000;100;2;1.09642;1.49;29;31%;~695;0.529922;1.58977;0.16;0.0321345;1.06258
62;RING;semihonest;replicated-ring;3;NA;NA;NA;0;25000;100;2;0.675828;1.26;35;38%;~695;0.529922;1.58977;0.18;0.0313693;0.642966
62;RING;semihonest;replicated-ring;3;NA;NA;NA;0;25000;100;5;4.78123;6.45;31;8%;~695;0.529922;1.58977;0.22;0.0260092;4.75341
62;RING;semihonest;replicated-ring;3;NA;NA;NA;0;25000;100;5;4.69615;5.79;33;10%;~695;0.529922;1.58977;0.23;0.241583;4.45236
62;RING;semihonest;replicated-ring;3;NA;NA;NA;0;25000;100;5;5.69362;7.38;32;8%;~695;0.529922;1.58977;0.23;0.0227011;5.66895
62;RING;semihonest;replicated-ring;3;NA;NA;NA;0;25000;100;5;5.7194;10.01;34;6%;~695;0.529922;1.58977;0.21;0.0333148;5.68405
62;RING;semihonest;replicated-ring;3;NA;NA;NA;0;25000;100;5;4.17977;6.08;34;10%;~695;0.529922;1.58977;0.19;0.0391151;4.1387
62;RING;semihonest;replicated-ring;3;NA;NA;NA;0;25000;100;5;3.40013;6.30;31;9%;~695;0.529922;1.58977;0.20;0.0388998;3.35972
62;RING;semihonest;replicated-ring;3;NA;NA;NA;0;25000;100;5;4.47841;6.37;33;9%;~695;0.529922;1.58977;0.19;0.251294;4.22528
62;RING;semihonest;replicated-ring;3;NA;NA;NA;0;25000;100;5;3.56948;4.75;33;11%;~695;0.529922;1.58977;0.21;0.0311003;3.53635
62;RING;semihonest;replicated-ring;3;NA;NA;NA;0;25000;100;5;3.13711;7.05;33;8%;~695;0.529922;1.58977;0.23;0.0344903;3.1009
62;RING;semihonest;replicated-ring;3;NA;NA;NA;0;25000;100;5;4.24884;9.97;29;6%;~695;0.529922;1.58977;0.23;0.0206375;4.22669
62;RING;semihonest;replicated-ring;3;15.44;448;4;0;25000;100;0;0.214828;0.38;33;66%;~695;0.529922;1.58977;0.05;0.0141015;0.199645
62;RING;semihonest;replicated-ring;3;NA;NA;NA;0;25000;100;0;0.137466;0.30;33;83%;~695;0.529922;1.58977;0.07;0.0143785;0.121693
62;RING;semihonest;replicated-ring;3;NA;NA;NA;0;25000;100;0;0.274517;0.45;33;89%;~695;0.529922;1.58977;0.14;0.0140559;0.258678
62;RING;semihonest;replicated-ring;3;NA;NA;NA;0;25000;100;0;0.334037;0.50;31;94%;~695;0.529922;1.58977;0.20;0.0146655;0.317733
62;RING;semihonest;replicated-ring;3;NA;NA;NA;0;25000;100;0;0.351399;0.52;32;90%;~695;0.529922;1.58977;0.19;0.0147588;0.334782
62;RING;semihonest;replicated-ring;3;NA;NA;NA;0;25000;100;0;0.357839;0.54;34;86%;~695;0.529922;1.58977;0.13;0.014557;0.341635
62;RING;semihonest;replicated-ring;3;NA;NA;NA;0;25000;100;0;0.324348;0.51;30;86%;~695;0.529922;1.58977;0.16;0.0158703;0.306988
62;RING;semihonest;replicated-ring;3;NA;NA;NA;0;25000;100;0;0.309627;0.48;35;87%;~695;0.529922;1.58977;0.20;0.01351;0.294451
62;RING;semihonest;replicated-ring;3;NA;NA;NA;0;25000;100;0;0.312796;0.48;34;93%;~695;0.529922;1.58977;0.21;0.0149705;0.295925
62;RING;semihonest;replicated-ring;3;NA;NA;NA;0;25000;100;0;0.344052;0.52;33;92%;~695;0.529922;1.58977;0.16;0.0139537;0.328412
62;RING;semihonest;replicated-ring;3;NA;NA;NA;0;10000;100;0;0.257899;0.44;35;83%;~695;0.529922;1.58977;0.11;0.0145366;0.241698
62;RING;semihonest;replicated-ring;3;NA;NA;NA;0;10000;100;0;0.341164;0.51;29;92%;~695;0.529922;1.58977;0.08;0.0147118;0.324651
62;RING;semihonest;replicated-ring;3;NA;NA;NA;0;10000;100;0;0.314193;0.49;34;87%;~695;0.529922;1.58977;0.13;0.0148158;0.297738
62;RING;semihonest;replicated-ring;3;NA;NA;NA;0;10000;100;0;0.349465;0.53;33;85%;~695;0.529922;1.58977;0.21;0.0144024;0.333473
62;RING;semihonest;replicated-ring;3;NA;NA;NA;0;10000;100;0;0.260211;0.44;33;86%;~695;0.529922;1.58977;0.11;0.0145724;0.244236
62;RING;semihonest;replicated-ring;3;NA;NA;NA;0;10000;100;0;0.358022;0.53;33;86%;~695;0.529922;1.58977;0.18;0.0163492;0.340074
62;RING;semihonest;replicated-ring;3;NA;NA;NA;0;10000;100;0;0.355266;0.52;29;89%;~695;0.529922;1.58977;0.18;0.0147884;0.338831
62;RING;semihonest;replicated-ring;3;NA;NA;NA;0;10000;100;0;0.340861;0.52;31;86%;~695;0.529922;1.58977;0.16;0.0145272;0.324785
62;RING;semihonest;replicated-ring;3;NA;NA;NA;0;10000;100;0;0.353923;0.52;29;87%;~695;0.529922;1.58977;0.20;0.013812;0.338298
62;RING;semihonest;replicated-ring;3;NA;NA;NA;0;10000;100;0;0.352943;0.53;35;86%;~695;0.529922;1.58977;0.20;0.0148265;0.336268
62;RING;semihonest;replicated-ring;3;NA;NA;NA;0;1000;100;0;0.364833;0.53;29;89%;~695;0.529922;1.58977;0.18;0.0141687;0.349093
62;RING;semihonest;replicated-ring;3;NA;NA;NA;0;1000;100;0;0.197184;0.37;29;81%;~695;0.529922;1.58977;0.07;0.0145755;0.181838
62;RING;semihonest;replicated-ring;3;NA;NA;NA;0;1000;100;0;0.368586;0.55;31;83%;~695;0.529922;1.58977;0.20;0.0147198;0.352257
62;RING;semihonest;replicated-ring;3;NA;NA;NA;0;1000;100;0;0.348821;0.52;34;88%;~695;0.529922;1.58977;0.14;0.0168249;0.330063
62;RING;semihonest;replicated-ring;3;NA;NA;NA;0;1000;100;0;0.361963;0.53;34;91%;~695;0.529922;1.58977;0.19;0.0153144;0.344969
62;RING;semihonest;replicated-ring;3;NA;NA;NA;0;1000;100;0;0.34952;0.52;31;89%;~695;0.529922;1.58977;0.18;0.0148092;0.333024
62;RING;semihonest;replicated-ring;3;NA;NA;NA;0;1000;100;0;0.352163;0.53;29;89%;~695;0.529922;1.58977;0.22;0.0140198;0.336807
62;RING;semihonest;replicated-ring;3;NA;NA;NA;0;1000;100;0;0.335924;0.51;31;92%;~695;0.529922;1.58977;0.18;0.0151342;0.319218
62;RING;semihonest;replicated-ring;3;NA;NA;NA;0;1000;100;0;0.188327;0.36;30;84%;~695;0.529922;1.58977;0.10;0.015036;0.171974
62;RING;semihonest;replicated-ring;3;NA;NA;NA;0;1000;100;0;0.313448;0.48;30;76%;~695;0.529922;1.58977;0.16;0.0139998;0.297818
62;RING;semihonest;replicated-ring;3;NA;NA;NA;0;100;100;0;0.38745;0.56;34;77%;~695;0.529922;1.58977;0.12;0.0257506;0.359909
62;RING;semihonest;replicated-ring;3;NA;NA;NA;0;100;100;0;0.407006;0.58;31;76%;~695;0.529922;1.58977;0.18;0.0256546;0.379666
62;RING;semihonest;replicated-ring;3;NA;NA;NA;0;100;100;0;0.395987;0.57;32;85%;~695;0.529922;1.58977;0.22;0.0255851;0.368583
62;RING;semihonest;replicated-ring;3;NA;NA;NA;0;100;100;0;0.424204;0.60;32;85%;~695;0.529922;1.58977;0.16;0.0265557;0.395816
62;RING;semihonest;replicated-ring;3;NA;NA;NA;0;100;100;0;0.317823;0.49;29;84%;~695;0.529922;1.58977;0.12;0.0262636;0.290232
62;RING;semihonest;replicated-ring;3;NA;NA;NA;0;100;100;0;0.426744;0.61;35;80%;~695;0.529922;1.58977;0.20;0.0271274;0.397797
62;RING;semihonest;replicated-ring;3;NA;NA;NA;0;100;100;0;0.439877;0.61;31;77%;~695;0.529922;1.58977;0.18;0.0260162;0.412127
62;RING;semihonest;replicated-ring;3;NA;NA;NA;0;100;100;0;0.430077;0.60;34;80%;~695;0.529922;1.58977;0.17;0.0297449;0.398549
62;RING;semihonest;replicated-ring;3;NA;NA;NA;0;100;100;0;0.316239;0.49;31;61%;~695;0.529922;1.58977;0.09;0.0267415;0.288172
62;RING;semihonest;replicated-ring;3;NA;NA;NA;0;100;100;0;0.397415;0.57;34;77%;~695;0.529922;1.58977;0.16;0.026564;0.369121
62;RING;semihonest;replicated-ring;3;15.45;448;4;0;25000;100;0;0.256107;0.43;31;84%;~695;0.529922;1.58977;0.13;0.0140749;0.240375
62;RING;semihonest;replicated-ring;3;NA;NA;NA;0;25000;100;0;0.336931;0.50;31;94%;~695;0.529922;1.58977;0.18;0.0131269;0.322335
62;RING;semihonest;replicated-ring;3;NA;NA;NA;0;25000;100;0;0.335077;0.51;33;91%;~695;0.529922;1.58977;0.22;0.0145358;0.318637
62;RING;semihonest;replicated-ring;3;NA;NA;NA;0;25000;100;0;0.26592;0.44;29;83%;~695;0.529922;1.58977;0.13;0.0141923;0.250407
62;RING;semihonest;replicated-ring;3;NA;NA;NA;0;25000;100;0;0.351636;0.53;34;87%;~695;0.529922;1.58977;0.15;0.013431;0.33642
62;RING;semihonest;replicated-ring;3;NA;NA;NA;0;25000;100;0;0.294994;0.46;29;87%;~695;0.529922;1.58977;0.16;0.0136489;0.27981
62;RING;semihonest;replicated-ring;3;NA;NA;NA;0;25000;100;0;0.317019;0.49;29;82%;~695;0.529922;1.58977;0.12;0.0136944;0.301689
62;RING;semihonest;replicated-ring;3;NA;NA;NA;0;25000;100;0;0.238171;0.41;34;81%;~695;0.529922;1.58977;0.09;0.0138912;0.222606
62;RING;semihonest;replicated-ring;3;NA;NA;NA;0;25000;100;0;0.274743;0.44;32;88%;~695;0.529922;1.58977;0.14;0.0146177;0.258557
62;RING;semihonest;replicated-ring;3;NA;NA;NA;25;25000;100;0;18.0322;20.11;34;3%;~695;0.529922;1.58977;0.21;0.23222;17.7978
62;RING;semihonest;replicated-ring;3;NA;NA;NA;25;25000;100;0;18.0798;20.16;32;3%;~695;0.529922;1.58977;0.26;0.232523;17.8452
62;RING;semihonest;replicated-ring;3;NA;NA;NA;25;25000;100;0;18.0886;20.17;34;3%;~695;0.529922;1.58977;0.22;0.232339;17.8542
62;RING;semihonest;replicated-ring;3;NA;NA;NA;25;25000;100;0;18.0737;20.15;34;3%;~695;0.529922;1.58977;0.22;0.231716;17.84
62;RING;semihonest;replicated-ring;3;NA;NA;NA;25;25000;100;0;18.0894;20.17;34;3%;~695;0.529922;1.58977;0.22;0.232471;17.855
62;RING;semihonest;replicated-ring;3;NA;NA;NA;25;25000;100;0;18.0908;20.18;35;3%;~695;0.529922;1.58977;0.26;0.231858;17.8568
62;RING;semihonest;replicated-ring;3;NA;NA;NA;25;25000;100;0;18.0897;20.18;33;3%;~695;0.529922;1.58977;0.23;0.222661;17.865
62;RING;semihonest;replicated-ring;3;NA;NA;NA;25;25000;100;0;18.0965;20.17;35;3%;~695;0.529922;1.58977;0.22;0.232364;17.8622
62;RING;semihonest;replicated-ring;3;NA;NA;NA;25;25000;100;0;18.0741;20.16;34;3%;~695;0.529922;1.58977;0.21;0.232402;17.8396
62;RING;semihonest;replicated-ring;3;NA;NA;NA;25;25000;100;0;18.0755;20.17;31;3%;~695;0.529922;1.58977;0.31;0.232485;17.8411
62;RING;semihonest;replicated-ring;3;NA;NA;NA;50;25000;100;0;35.7149;39.60;29;1%;~695;0.529922;1.58977;0.24;0.432709;35.2805
62;RING;semihonest;replicated-ring;3;NA;NA;NA;50;25000;100;0;35.7153;39.60;35;1%;~695;0.529922;1.58977;0.22;0.431768;35.2814
62;RING;semihonest;replicated-ring;3;NA;NA;NA;50;25000;100;0;35.7121;39.60;29;1%;~695;0.529922;1.58977;0.20;0.43245;35.2778
62;RING;semihonest;replicated-ring;3;NA;NA;NA;50;25000;100;0;35.6132;39.48;32;1%;~695;0.529922;1.58977;0.27;0.432503;35.1786
62;RING;semihonest;replicated-ring;3;NA;NA;NA;50;25000;100;0;35.7095;39.59;33;1%;~695;0.529922;1.58977;0.18;0.432376;35.275
62;RING;semihonest;replicated-ring;3;NA;NA;NA;50;25000;100;0;35.7118;39.57;34;1%;~695;0.529922;1.58977;0.29;0.432384;35.2777
62;RING;semihonest;replicated-ring;3;NA;NA;NA;50;25000;100;0;35.7011;39.58;34;1%;~695;0.529922;1.58977;0.26;0.432376;35.2668
62;RING;semihonest;replicated-ring;3;NA;NA;NA;50;25000;100;0;35.7112;39.59;33;1%;~695;0.529922;1.58977;0.22;0.432496;35.2768
62;RING;semihonest;replicated-ring;3;NA;NA;NA;50;25000;100;0;35.7134;39.59;35;1%;~695;0.529922;1.58977;0.23;0.43254;35.2787
62;RING;semihonest;replicated-ring;3;NA;NA;NA;50;25000;100;0;35.7185;39.59;29;1%;~695;0.529922;1.58977;0.26;0.432296;35.2844
62;RING;semihonest;replicated-ring;3;NA;NA;NA;75;25000;100;0;53.3507;59.04;34;1%;~695;0.529922;1.58977;0.21;0.632442;52.7162
62;RING;semihonest;replicated-ring;3;NA;NA;NA;75;25000;100;0;53.3448;59.03;33;1%;~695;0.529922;1.58977;0.29;0.632546;52.7102
62;RING;semihonest;replicated-ring;3;NA;NA;NA;75;25000;100;0;53.3314;59.02;33;1%;~695;0.529922;1.58977;0.20;0.632103;52.6973
62;RING;semihonest;replicated-ring;3;NA;NA;NA;75;25000;100;0;53.3529;59.04;32;1%;~695;0.529922;1.58977;0.28;0.63256;52.7183
62;RING;semihonest;replicated-ring;3;NA;NA;NA;75;25000;100;0;53.3401;59.02;33;1%;~695;0.529922;1.58977;0.22;0.632681;52.7053
62;RING;semihonest;replicated-ring;3;NA;NA;NA;75;25000;100;0;53.3203;59.00;32;1%;~695;0.529922;1.58977;0.20;0.632427;52.6858
62;RING;semihonest;replicated-ring;3;NA;NA;NA;75;25000;100;0;53.3369;59.02;29;1%;~695;0.529922;1.58977;0.24;0.632498;52.7024
62;RING;semihonest;replicated-ring;3;NA;NA;NA;75;25000;100;0;53.3531;59.04;34;1%;~695;0.529922;1.58977;0.30;0.632563;52.7184
62;RING;semihonest;replicated-ring;3;NA;NA;NA;75;25000;100;0;53.3428;59.03;35;1%;~695;0.529922;1.58977;0.26;0.632519;52.7082
62;RING;semihonest;replicated-ring;3;NA;NA;NA;75;25000;100;0;53.3223;59.00;33;1%;~695;0.529922;1.58977;0.26;0.48222;52.8381
62;RING;semidishonest;semi2k;3;14.92;448;4;0;25000;100;0;36.2645;36.51;99;264%;~39028;249.127;744.631;56.45;35.8697;0.389421
62;RING;semidishonest;semi2k;3;NA;NA;NA;0;25000;100;0;36.4957;36.74;98;263%;~39028;249.127;744.631;56.93;36.104;0.386333
62;RING;semidishonest;semi2k;3;NA;NA;NA;0;25000;100;0;36.2268;36.48;98;262%;~39028;249.127;744.631;55.70;35.8059;0.415975
62;RING;semidishonest;semi2k;3;NA;NA;NA;0;25000;100;0;36.5534;36.79;107;262%;~39028;249.127;744.631;56.45;36.1492;0.399026
62;RING;semidishonest;semi2k;3;NA;NA;NA;0;25000;100;0;36.4652;36.72;95;263%;~39028;249.127;744.631;56.90;36.0448;0.414978
62;RING;semidishonest;semi2k;3;NA;NA;NA;0;25000;100;0;36.4187;36.66;99;263%;~39028;249.127;744.631;56.61;35.9956;0.417723
62;RING;semidishonest;semi2k;3;NA;NA;NA;0;25000;100;0;36.5213;36.76;97;262%;~39028;249.127;744.631;56.96;36.12;0.39551
62;RING;semidishonest;semi2k;3;NA;NA;NA;0;25000;100;0;36.7417;36.99;100;263%;~39028;249.127;744.631;57.50;36.346;0.389938
62;RING;semidishonest;semi2k;3;NA;NA;NA;0;25000;100;0;36.279;36.52;103;259%;~39028;249.127;744.631;56.18;35.8562;0.413802
62;RING;semidishonest;semi2k;3;NA;NA;NA;0;25000;100;0;36.4198;36.66;101;261%;~39028;249.127;744.631;57.04;36.016;0.39792
62;RING;semidishonest;semi2k;3;NA;NA;NA;0;25000;100;1;75.8449;76.10;96;125%;~39028;249.127;744.631;55.01;73.9612;1.87831
62;RING;semidishonest;semi2k;3;NA;NA;NA;0;25000;100;1;73.6278;74.91;101;125%;~39028;249.127;744.631;55.38;71.9977;1.62469
62;RING;semidishonest;semi2k;3;NA;NA;NA;0;25000;100;1;78.4927;78.76;97;119%;~39028;249.127;744.631;52.95;76.797;1.6898
62;RING;semidishonest;semi2k;3;NA;NA;NA;0;25000;100;1;75.7701;77.30;105;124%;~39028;249.127;744.631;54.74;74.0159;1.74909
62;RING;semidishonest;semi2k;3;NA;NA;NA;0;25000;100;1;70.8536;72.14;97;132%;~39028;249.127;744.631;54.33;69.4089;1.43873
62;RING;semidishonest;semi2k;3;NA;NA;NA;0;25000;100;1;76.5171;78.00;105;121%;~39028;249.127;744.631;53.16;74.3295;2.18228
62;RING;semidishonest;semi2k;3;NA;NA;NA;0;25000;100;1;74.2439;74.91;93;126%;~39028;249.127;744.631;54.15;72.5062;1.72907
62;RING;semidishonest;semi2k;3;NA;NA;NA;0;25000;100;1;75.2428;75.49;105;126%;~39028;249.127;744.631;54.41;73.1402;2.09611
62;RING;semidishonest;semi2k;3;NA;NA;NA;0;25000;100;1;74.9402;75.40;99;125%;~39028;249.127;744.631;54.38;73.5412;1.39345
62;RING;semidishonest;semi2k;3;NA;NA;NA;0;25000;100;1;71.605;72.88;95;130%;~39028;249.127;744.631;53.95;69.7183;1.88057
62;RING;semidishonest;semi2k;3;NA;NA;NA;0;25000;100;2;129.579;131.10;96;71%;~39028;249.127;744.631;52.65;125.176;4.39722
62;RING;semidishonest;semi2k;3;NA;NA;NA;0;25000;100;2;130.524;131.00;96;71%;~39028;249.127;744.631;54.09;126.642;3.87561
62;RING;semidishonest;semi2k;3;NA;NA;NA;0;25000;100;2;124.529;125.00;96;74%;~39028;249.127;744.631;53.19;120.963;3.56065
62;RING;semidishonest;semi2k;3;NA;NA;NA;0;25000;100;2;120.708;120.97;101;75%;~39028;249.127;744.631;52.95;117.36;3.34138
62;RING;semidishonest;semi2k;3;NA;NA;NA;0;25000;100;2;126.606;127.09;100;73%;~39028;249.127;744.631;53.27;123.23;3.36959
62;RING;semidishonest;semi2k;3;NA;NA;NA;0;25000;100;2;131.763;132.43;100;70%;~39028;249.127;744.631;53.75;129.852;1.90443
62;RING;semidishonest;semi2k;3;NA;NA;NA;0;25000;100;2;126.136;127.68;97;72%;~39028;249.127;744.631;52.74;122.847;3.28256
62;RING;semidishonest;semi2k;3;NA;NA;NA;0;25000;100;2;129.522;130.08;98;71%;~39028;249.127;744.631;53.59;127.044;2.47214
62;RING;semidishonest;semi2k;3;NA;NA;NA;0;25000;100;2;127.85;128.33;96;72%;~39028;249.127;744.631;53.71;122.768;5.07699
62;RING;semidishonest;semi2k;3;NA;NA;NA;0;25000;100;2;125.435;125.74;101;74%;~39028;249.127;744.631;52.90;120.868;4.56029
62;RING;semidishonest;semi2k;3;15.26;448;4;0;25000;100;5;391.744;392.22;101;22%;~39028;249.127;744.631;50.68;377.946;13.7919
62;RING;semidishonest;semi2k;3;NA;NA;NA;0;25000;100;5;374.19;375.11;97;24%;~39028;249.127;744.631;52.33;361.569;12.6157
62;RING;semidishonest;semi2k;3;NA;NA;NA;0;25000;100;5;378.769;380.76;98;23%;~39028;249.127;744.631;52.68;367.16;11.6035
62;RING;semidishonest;semi2k;3;NA;NA;NA;0;25000;100;5;372.973;373.88;105;24%;~39028;249.127;744.631;51.99;360.964;12.003
62;RING;semidishonest;semi2k;3;NA;NA;NA;0;25000;100;5;362.654;366.40;107;24%;~39028;249.127;744.631;52.00;349.22;13.4282
62;RING;semidishonest;semi2k;3;NA;NA;NA;0;25000;100;5;372.401;374.16;104;24%;~39028;249.127;744.631;53.24;358.867;13.5282
62;RING;semidishonest;semi2k;3;NA;NA;NA;0;25000;100;5;375.848;376.96;104;23%;~39028;249.127;744.631;51.49;361.375;14.4662
62;RING;semidishonest;semi2k;3;NA;NA;NA;0;25000;100;5;376.357;379.12;104;23%;~39028;249.127;744.631;52.00;360.811;15.5394
62;RING;semidishonest;semi2k;3;NA;NA;NA;0;25000;100;5;358.998;361.77;104;25%;~39028;249.127;744.631;52.58;346.406;12.5855
62;RING;semidishonest;semi2k;3;NA;NA;NA;0;25000;100;5;353.112;355.48;108;25%;~39028;249.127;744.631;52.86;338.753;14.3524
62;RING;semidishonest;semi2k;3;15.40;448;4;0;25000;100;0;36.2603;36.47;98;262%;~39028;249.127;744.631;55.88;35.8668;0.388387
62;RING;semidishonest;semi2k;3;NA;NA;NA;0;25000;100;0;36.2772;36.53;101;259%;~39028;249.127;744.631;55.58;35.8755;0.396298
62;RING;semidishonest;semi2k;3;NA;NA;NA;0;25000;100;0;36.439;36.69;93;262%;~39028;249.127;744.631;55.88;36.042;0.391711
62;RING;semidishonest;semi2k;3;NA;NA;NA;0;25000;100;0;36.4185;36.66;99;263%;~39028;249.127;744.631;56.37;36.0226;0.389842
62;RING;semidishonest;semi2k;3;NA;NA;NA;0;25000;100;0;36.4921;36.75;99;261%;~39028;249.127;744.631;54.83;36.0773;0.409428
62;RING;semidishonest;semi2k;3;NA;NA;NA;0;25000;100;0;36.3458;36.59;95;261%;~39028;249.127;744.631;55.64;35.9679;0.372898
62;RING;semidishonest;semi2k;3;NA;NA;NA;0;25000;100;0;36.446;36.69;103;262%;~39028;249.127;744.631;56.81;36.0329;0.407632
62;RING;semidishonest;semi2k;3;NA;NA;NA;0;25000;100;0;36.6463;36.89;99;261%;~39028;249.127;744.631;56.40;36.2499;0.391206
62;RING;semidishonest;semi2k;3;NA;NA;NA;0;25000;100;0;36.3966;36.64;99;263%;~39028;249.127;744.631;56.34;35.9916;0.399399
62;RING;semidishonest;semi2k;3;NA;NA;NA;0;25000;100;0;36.3061;36.56;105;249%;~39028;249.127;744.631;53.91;35.8805;0.420421
62;RING;semidishonest;semi2k;3;NA;NA;NA;0;10000;100;0;36.2848;36.53;102;262%;~39028;249.127;744.631;56.11;35.8916;0.387307
62;RING;semidishonest;semi2k;3;NA;NA;NA;0;10000;100;0;36.5995;36.86;91;263%;~39028;249.127;744.631;56.94;36.1985;0.396163
62;RING;semidishonest;semi2k;3;NA;NA;NA;0;10000;100;0;36.357;36.61;100;261%;~39028;249.127;744.631;56.54;35.9623;0.38949
62;RING;semidishonest;semi2k;3;NA;NA;NA;0;10000;100;0;36.3781;36.63;99;263%;~39028;249.127;744.631;56.24;35.9734;0.398513
62;RING;semidishonest;semi2k;3;NA;NA;NA;0;10000;100;0;36.2049;36.45;101;263%;~39028;249.127;744.631;55.89;35.7909;0.407916
62;RING;semidishonest;semi2k;3;NA;NA;NA;0;10000;100;0;36.0485;36.29;96;258%;~39028;249.127;744.631;54.49;35.6447;0.398023
62;RING;semidishonest;semi2k;3;NA;NA;NA;0;10000;100;0;36.2365;36.48;104;261%;~39028;249.127;744.631;55.56;35.8318;0.398988
62;RING;semidishonest;semi2k;3;NA;NA;NA;0;10000;100;0;36.4693;36.72;100;262%;~39028;249.127;744.631;56.58;36.0592;0.405068
62;RING;semidishonest;semi2k;3;NA;NA;NA;0;10000;100;0;36.4118;36.66;96;263%;~39028;249.127;744.631;56.22;36.021;0.385499
62;RING;semidishonest;semi2k;3;NA;NA;NA;0;10000;100;0;36.4837;36.73;101;261%;~39028;249.127;744.631;56.33;36.0692;0.409019
62;RING;semidishonest;semi2k;3;NA;NA;NA;0;1000;100;0;37.4967;37.74;98;257%;~39028;249.127;744.631;57.04;37.0618;0.429212
62;RING;semidishonest;semi2k;3;NA;NA;NA;0;1000;100;0;37.4596;37.71;97;256%;~39028;249.127;744.631;56.33;37.0442;0.409664
62;RING;semidishonest;semi2k;3;NA;NA;NA;0;1000;100;0;37.2388;37.48;93;257%;~39028;249.127;744.631;55.79;36.8138;0.419684
62;RING;semidishonest;semi2k;3;NA;NA;NA;0;1000;100;0;37.6043;37.85;107;257%;~39028;249.127;744.631;56.97;37.1753;0.423326
62;RING;semidishonest;semi2k;3;NA;NA;NA;0;1000;100;0;37.6505;37.90;93;255%;~39028;249.127;744.631;57.16;37.2296;0.415821
62;RING;semidishonest;semi2k;3;NA;NA;NA;0;1000;100;0;37.5676;37.82;99;257%;~39028;249.127;744.631;57.25;37.1289;0.432886
62;RING;semidishonest;semi2k;3;NA;NA;NA;0;1000;100;0;37.5826;37.83;102;258%;~39028;249.127;744.631;57.95;37.1531;0.423471
62;RING;semidishonest;semi2k;3;NA;NA;NA;0;1000;100;0;37.3996;37.65;100;256%;~39028;249.127;744.631;56.53;36.9586;0.435475
62;RING;semidishonest;semi2k;3;NA;NA;NA;0;1000;100;0;37.4958;37.76;100;253%;~39028;249.127;744.631;54.93;37.0803;0.410068
62;RING;semidishonest;semi2k;3;NA;NA;NA;0;1000;100;0;37.6195;37.87;99;257%;~39028;249.127;744.631;57.87;37.1944;0.419694
62;RING;semidishonest;semi2k;3;NA;NA;NA;0;100;100;0;46.8674;47.12;105;202%;~39028;249.127;744.631;55.73;46.3685;0.493373
62;RING;semidishonest;semi2k;3;NA;NA;NA;0;100;100;0;46.9035;47.17;99;200%;~39028;249.127;744.631;55.42;46.3693;0.528681
62;RING;semidishonest;semi2k;3;NA;NA;NA;0;100;100;0;46.9961;47.25;103;202%;~39028;249.127;744.631;55.31;46.4747;0.515861
62;RING;semidishonest;semi2k;3;NA;NA;NA;0;100;100;0;47.205;47.46;105;201%;~39028;249.127;744.631;55.78;46.6663;0.53327
62;RING;semidishonest;semi2k;3;NA;NA;NA;0;100;100;0;47.4094;47.66;99;202%;~39028;249.127;744.631;55.32;46.8356;0.567482
62;RING;semidishonest;semi2k;3;NA;NA;NA;0;100;100;0;47.2587;47.51;98;201%;~39028;249.127;744.631;56.16;46.7493;0.504011
62;RING;semidishonest;semi2k;3;NA;NA;NA;0;100;100;0;46.7568;47.01;111;199%;~39028;249.127;744.631;53.95;46.2368;0.51417
62;RING;semidishonest;semi2k;3;NA;NA;NA;0;100;100;0;46.9372;47.19;94;202%;~39028;249.127;744.631;55.39;46.432;0.499612
62;RING;semidishonest;semi2k;3;NA;NA;NA;0;100;100;0;48.7063;48.96;99;195%;~39028;249.127;744.631;55.66;48.2109;0.490248
62;RING;semidishonest;semi2k;3;NA;NA;NA;0;100;100;0;47.0402;47.29;101;202%;~39028;249.127;744.631;56.60;46.5519;0.482819
62;RING;semidishonest;semi2k;3;15.01;448;4;0;25000;100;0;36.3274;36.57;92;263%;~39028;249.127;744.631;56.15;35.9382;0.383797
62;RING;semidishonest;semi2k;3;NA;NA;NA;0;25000;100;0;36.3439;36.60;101;263%;~39028;249.127;744.631;56.24;35.9265;0.411749
62;RING;semidishonest;semi2k;3;NA;NA;NA;0;25000;100;0;36.1601;36.41;97;260%;~39028;249.127;744.631;55.44;35.7575;0.396848
62;RING;semidishonest;semi2k;3;NA;NA;NA;0;25000;100;0;36.2668;36.51;98;261%;~39028;249.127;744.631;55.87;35.8613;0.399906
62;RING;semidishonest;semi2k;3;NA;NA;NA;0;25000;100;0;36.3049;36.54;103;263%;~39028;249.127;744.631;56.61;35.9236;0.375615
62;RING;semidishonest;semi2k;3;NA;NA;NA;0;25000;100;0;36.2803;36.53;101;262%;~39028;249.127;744.631;56.79;35.8778;0.397333
62;RING;semidishonest;semi2k;3;NA;NA;NA;0;25000;100;0;36.4817;36.73;97;262%;~39028;249.127;744.631;56.90;36.0608;0.415658
62;RING;semidishonest;semi2k;3;NA;NA;NA;0;25000;100;0;36.3535;36.60;100;263%;~39028;249.127;744.631;56.70;35.9635;0.384328
62;RING;semidishonest;semi2k;3;NA;NA;NA;0;25000;100;0;36.2998;36.55;97;258%;~39028;249.127;744.631;55.53;35.878;0.416126
62;RING;semidishonest;semi2k;3;NA;NA;NA;25;25000;100;0;486.364;488.14;111;21%;~39028;249.127;744.631;60.45;451.042;35.3164
62;RING;semidishonest;semi2k;3;NA;NA;NA;25;25000;100;0;486.262;488.04;101;21%;~39028;249.127;744.631;59.64;450.929;35.3264
62;RING;semidishonest;semi2k;3;NA;NA;NA;25;25000;100;0;486.332;488.12;106;21%;~39028;249.127;744.631;59.59;450.856;35.4688
62;RING;semidishonest;semi2k;3;NA;NA;NA;25;25000;100;0;486.353;488.12;107;21%;~39028;249.127;744.631;60.47;451.02;35.3259
62;RING;semidishonest;semi2k;3;NA;NA;NA;25;25000;100;0;486.313;488.09;105;21%;~39028;249.127;744.631;60.18;450.834;35.4728
62;RING;semidishonest;semi2k;3;NA;NA;NA;25;25000;100;0;486.202;487.99;111;21%;~39028;249.127;744.631;59.91;450.689;35.5063
62;RING;semidishonest;semi2k;3;NA;NA;NA;25;25000;100;0;486.466;488.22;107;21%;~39028;249.127;744.631;59.57;450.978;35.4815
62;RING;semidishonest;semi2k;3;NA;NA;NA;25;25000;100;0;486.393;488.17;102;21%;~39028;249.127;744.631;59.35;451.119;35.2677
62;RING;semidishonest;semi2k;3;NA;NA;NA;25;25000;100;0;486.494;488.26;109;21%;~39028;249.127;744.631;60.49;451.179;35.3083
62;RING;semidishonest;semi2k;3;NA;NA;NA;25;25000;100;0;486.353;488.11;108;21%;~39028;249.127;744.631;58.77;450.922;35.425
62;RING;semidishonest;semi2k;3;NA;NA;NA;50;25000;100;0;937.993;941.28;104;11%;~39028;249.127;744.631;60.38;865.887;72.0998
62;RING;semidishonest;semi2k;3;NA;NA;NA;50;25000;100;0;937.781;941.09;110;11%;~39028;249.127;744.631;59.30;865.783;71.9918
62;RING;semidishonest;semi2k;3;NA;NA;NA;50;25000;100;0;937.584;940.88;107;11%;~39028;249.127;744.631;61.04;865.788;71.7894
62;RING;semidishonest;semi2k;3;NA;NA;NA;50;25000;100;0;937.853;941.14;111;11%;~39028;249.127;744.631;60.56;865.832;72.0134
62;RING;semidishonest;semi2k;3;NA;NA;NA;50;25000;100;0;937.884;941.17;105;11%;~39028;249.127;744.631;61.04;865.731;72.1472
62;RING;semidishonest;semi2k;3;NA;NA;NA;75;25000;100;0;1390.04;1394.84;104;7%;~39028;249.127;744.631;61.61;1282.02;108.015
62;RING;semidishonest;semi2k;3;NA;NA;NA;75;25000;100;0;1388.88;1393.68;107;7%;~39028;249.127;744.631;61.11;1281.55;107.323
62;RING;semidishonest;semi2k;3;NA;NA;NA;75;25000;100;0;1389.92;1394.73;106;7%;~39028;249.127;744.631;59.78;1282;107.909
62;RING;semidishonest;semi2k;3;NA;NA;NA;75;25000;100;0;1389.73;1394.52;108;7%;~39028;249.127;744.631;61.21;1282.08;107.64
62;RING;semidishonest;semi2k;3;NA;NA;NA;75;25000;100;0;1389.72;1394.52;109;7%;~39028;249.127;744.631;60.33;1281.6;108.119